"rodents","unitflr","brokenwin","brokenfloor","intcracks","intleaks","personrm","bldg"
1,5,0,1,1,1,0.25,33
1,6,0,1,1,0,0.33,35
1,5,0,1,0,0,1.67,35
1,6,0,0,0,0,0.4,39
0,3,0,0,0,0,1,48
0,8,0,0,0,0,0.33,52
1,8,0,0,1,0,0.83,52
0,7,0,0,0,0,0.8,60
0,7,0,0,0,0,0.5,71
1,7,0,0,1,0,0.75,71
1,7,0,0,0,0,0.67,71
1,3,0,0,0,0,0.5,77
1,4,0,0,0,0,1,77
0,8,0,0,0,1,0.5,83
0,8,0,0,0,0,1,83
0,8,0,0,1,1,0.5,83
0,8,0,0,0,0,0.75,83
1,6,0,0,0,1,1.33,85
0,6,0,0,0,0,0.33,85
0,6,0,0,0,0,0.67,85
0,6,0,0,0,0,0.75,85
1,6,0,0,1,1,0.6,101
1,4,1,0,1,1,1.33,1390
1,3,0,0,0,0,1,121
1,4,0,0,0,0,0.25,121
0,6,0,0,0,0,0.25,130
0,6,0,0,0,0,0.4,130
1,5,0,0,0,0,0.25,130
1,2,0,0,0,0,0.75,143
1,2,0,0,1,1,0.67,147
0,2,0,0,0,0,0.33,147
1,3,0,0,1,1,3,147
0,3,0,0,0,0,0.75,167
0,4,0,0,0,0,0.33,185
1,3,0,1,0,0,1,205
0,3,0,1,0,0,0.25,205
1,3,0,1,0,0,0.25,205
1,3,0,1,1,0,0.25,205
1,4,0,0,0,0,0.67,206
0,4,0,0,0,0,0.8,215
1,4,0,0,1,0,0.4,215
1,5,0,0,0,1,1,215
0,5,0,0,0,0,1,215
1,6,0,1,0,0,1,221
0,2,1,0,1,0,0.67,1403
0,3,1,0,1,0,0.33,1403
0,2,0,0,0,0,0.6,236
0,4,0,0,0,0,1,240
1,4,0,0,0,0,1,240
0,5,0,0,0,1,1,240
1,2,0,0,1,1,1.5,268
0,3,0,0,1,1,0.67,268
1,3,0,0,0,1,0.75,268
1,3,0,0,1,1,0.33,268
0,4,0,0,1,1,1,275
0,5,0,1,1,1,0.83,277
0,5,0,1,0,1,1,277
0,2,0,0,0,0,0.33,289
0,3,0,0,1,0,1,289
1,5,1,0,1,0,1,301
1,2,0,0,1,1,0.75,306
1,4,0,0,0,1,0.5,319
1,5,0,0,0,0,1,323
1,5,0,0,0,0,1,324
1,3,0,0,0,0,0.33,347
0,6,0,0,0,0,0.25,1393
1,3,0,0,0,1,0.75,362
0,6,0,0,0,0,0.67,365
1,6,0,0,0,1,0.67,365
1,4,0,0,0,1,0.33,376
0,5,0,0,0,1,0.5,376
0,4,0,0,0,0,0.4,408
1,4,1,1,1,1,0.25,409
1,1,0,0,1,0,1.33,429
1,1,0,0,0,0,1.5,429
0,2,0,0,1,1,0.8,429
0,2,0,0,0,1,0.33,429
0,2,0,0,0,1,1,430
0,1,0,0,0,0,0.75,430
1,3,0,0,0,0,0.6,445
0,4,0,0,0,1,0.6,446
1,6,0,0,1,1,0.33,450
1,2,0,0,0,0,1.25,450
0,2,0,0,0,0,0.67,450
0,2,0,0,0,1,0.75,451
0,3,0,0,0,0,1,451
0,2,0,0,0,1,0.67,460
0,2,0,0,0,0,0.5,460
1,7,0,0,0,0,0.83,479
1,7,0,0,0,0,0.33,479
1,7,0,0,1,1,0.67,479
1,2,0,0,0,1,1.33,492
1,2,0,0,0,0,1,492
0,3,0,0,0,0,1,499
1,3,0,0,0,0,1.5,500
0,3,0,0,0,0,0.33,517
1,6,0,0,0,0,0.75,527
1,3,1,1,1,1,0.43,543
1,4,0,0,0,1,2,569
1,4,0,0,0,1,1,569
1,5,0,0,1,1,0.33,569
1,5,0,0,0,0,1,570
1,5,0,0,1,1,0.5,573
1,2,0,0,0,0,0.33,580
1,6,0,0,0,0,0.5,594
0,1,0,0,0,1,1.25,594
1,2,0,0,1,0,0.5,594
0,7,0,0,0,0,1,603
1,3,0,0,1,0,1,611
1,6,0,0,0,0,0.4,623
1,6,0,0,1,0,1,623
1,6,0,0,0,0,0.33,623
0,6,0,0,0,0,0.5,623
0,3,0,0,0,0,0.25,629
1,3,0,0,0,1,0.75,629
0,3,0,0,0,0,0.33,629
1,3,0,0,1,1,0.33,633
0,2,0,0,0,0,0.67,645
0,3,0,0,0,0,0.2,645
0,2,0,0,0,0,1.33,645
0,3,0,0,0,0,0.67,645
0,5,0,0,0,0,0.43,654
1,5,0,0,1,0,0.67,681
1,5,0,0,1,0,0.75,681
1,5,0,0,1,0,0.25,681
0,3,0,0,0,0,1,688
1,2,0,0,0,0,1.25,688
0,4,0,0,0,0,0.33,692
1,4,0,0,1,0,0.5,692
0,4,0,0,0,0,0.75,692
0,4,0,0,0,0,0.67,692
0,4,0,0,0,0,0.4,698
1,4,0,0,0,0,0.5,698
0,6,0,0,0,0,0.33,701
0,6,0,0,0,1,0.33,701
1,6,0,0,0,1,1,701
1,6,0,0,1,1,0.33,701
0,2,0,0,0,0,0.67,711
0,2,0,0,0,0,0.5,711
0,2,0,0,1,1,0.75,711
0,3,0,0,0,0,0.5,711
1,6,0,0,1,0,0.33,720
1,2,0,1,1,1,1,721
1,4,0,0,0,0,0.83,748
0,2,0,0,0,0,0.56,761
1,2,0,0,0,1,0.6,768
0,3,0,0,0,0,0.6,775
0,2,0,0,0,0,0.8,785
0,4,0,0,0,0,0.75,785
0,2,0,0,0,1,0.5,789
0,3,0,0,1,0,0.33,797
0,4,0,0,1,1,0.75,797
1,3,0,0,0,1,0.5,811
0,2,0,0,0,0,0.5,815
0,2,0,0,0,0,0.75,821
0,3,0,0,0,1,0.5,839
0,2,0,0,0,0,0.33,852
1,5,0,0,0,0,0.33,853
0,5,0,0,0,0,0.33,853
0,4,0,1,1,1,0.75,880
0,4,0,1,0,1,0.6,880
1,2,0,0,0,1,2,881
1,2,0,0,1,1,0.33,881
1,2,0,0,0,1,0.4,881
0,3,0,0,1,1,0.5,881
0,4,0,0,0,1,1.33,903
1,3,0,0,1,0,2,923
0,3,0,0,0,0,0.33,923
0,3,0,0,1,1,1.33,923
0,3,1,0,0,0,1.33,924
0,8,0,0,0,0,0.25,937
1,2,0,0,0,0,0.25,949
0,4,0,0,1,1,0.67,953
0,3,0,0,0,0,0.8,961
0,2,0,0,0,0,0.2,961
0,2,0,0,0,1,1,979
0,2,0,0,0,0,0.25,992
0,2,0,0,0,0,0.29,992
0,3,0,0,0,0,0.33,1021
0,9,0,0,0,0,0.6,1031
0,9,0,0,0,0,1,1031
0,9,0,0,0,0,0.25,1031
0,8,0,0,1,0,0.2,1040
0,7,0,0,0,0,1.2,1040
0,7,0,0,0,0,0.5,1040
0,9,0,0,0,0,0.75,1045
0,9,0,0,0,0,0.4,1045
0,8,0,0,1,0,0.75,1050
0,8,0,0,1,0,0.33,1050
0,8,0,0,0,0,1.33,1050
0,2,0,0,0,0,0.5,1055
0,3,0,0,0,0,1.25,1055
0,3,0,0,0,1,1,1058
0,3,0,0,0,0,0.25,1058
0,3,0,0,0,0,0.33,1117
0,2,0,0,0,0,1,1117
0,3,0,1,1,1,1.67,1131
1,4,0,0,0,1,0.67,1142
0,6,0,0,0,0,0.5,1159
0,3,0,0,0,0,1,1171
0,3,0,0,0,0,0.33,1171
0,4,0,0,0,1,1,1172
0,4,0,0,0,0,0.33,1172
1,5,0,0,0,1,1.33,1187
1,7,0,0,1,0,1.67,1187
0,7,0,0,0,0,1,1192
0,3,0,0,0,0,0.25,1231
1,2,0,0,1,1,0.86,1235
0,3,0,0,0,0,0.33,1241
1,3,0,0,1,1,1,1270
0,3,0,0,1,0,0.6,1271
0,2,0,0,1,1,1,1271
0,2,0,0,0,0,0.83,1273
0,5,0,0,0,1,1,1277
0,5,0,0,1,0,0.33,1277
0,5,0,0,0,1,0.33,1277
0,3,0,1,0,0,1.2,1279
0,2,0,0,1,0,0.2,1280
0,3,0,0,0,0,0.83,1280
0,2,0,0,0,0,0.8,1280
0,2,0,0,0,0,0.75,1280
0,4,0,0,0,1,0.33,1313
0,2,0,0,0,1,0.75,1313
0,3,0,0,0,0,0.5,1313
0,2,0,0,0,0,0.44,1314
1,1,1,1,1,1,1,1331
0,2,0,0,0,0,0.4,1341
0,3,0,0,0,0,0.67,1341
0,2,0,0,0,0,0.4,1341
1,2,0,0,1,1,0.75,1345
0,3,0,0,1,1,0.5,1345
0,3,0,0,0,0,0.5,1372
0,4,0,0,0,0,1.14,1417
0,2,0,0,0,0,0.2,1420
0,2,0,0,0,0,0.2,1420
0,3,0,0,0,0,0.2,1420
0,2,0,0,0,0,1,1432
0,3,0,0,0,0,0.4,1432
0,4,0,0,0,0,0.6,1460
0,2,0,0,0,0,0.33,1471
0,3,0,0,0,0,0.25,1472
0,4,0,0,0,0,0.5,1472
0,2,0,0,0,0,1,1472
1,4,0,0,1,0,1,1478
0,2,0,0,0,0,0.25,1487
0,2,0,0,0,1,0.5,1493
0,3,0,0,0,0,0.33,1493
1,4,0,0,1,0,0.5,1493
0,4,0,0,0,0,1.33,1499
0,4,0,0,0,0,0.2,1499
0,4,0,0,0,0,0.25,1499
0,2,0,0,0,0,0.25,1506
0,3,0,0,0,0,0.5,1506
0,3,0,0,0,0,0.5,1506
1,3,0,0,1,0,1,1508
0,6,0,0,0,0,0.33,1535
0,6,0,0,0,0,0.67,1535
0,6,0,0,0,0,1.5,1540
1,2,0,0,0,0,0.6,1548
0,4,0,0,0,0,1,1548
0,2,0,0,0,0,0.5,1554
0,4,0,0,0,0,0.5,4094
0,4,0,0,0,0,0.75,4120
0,8,0,0,0,0,0.25,1566
1,8,0,0,0,0,0.6,1566
0,4,0,0,0,0,1.33,1584
0,4,0,0,0,0,0.33,1588
0,5,0,0,0,0,0.33,1592
0,4,0,0,0,1,0.5,1598
0,4,0,0,0,0,0.5,1633
0,4,0,0,0,0,0.33,1645
0,4,0,0,0,0,0.5,1645
0,4,0,0,0,0,0.6,1645
0,3,0,0,0,0,0.44,1653
0,2,0,0,0,1,0.44,1664
0,3,0,0,0,0,0.25,1686
1,3,0,0,0,1,0.75,1686
0,6,1,0,0,0,0.6,1699
0,2,0,0,0,0,0.2,1704
1,2,0,1,1,1,0.25,4109
0,3,0,0,0,1,0.8,1729
0,3,0,0,0,0,1.5,1733
0,2,0,0,0,0,0.33,1743
0,2,0,0,0,0,0.17,1749
1,2,0,0,0,0,0.5,1753
0,2,0,0,0,0,0.2,1753
1,4,0,0,0,0,1.25,1759
1,4,0,0,0,0,0.33,1759
0,2,0,0,0,0,0.8,1761
0,4,0,0,0,0,1,1770
0,2,0,0,0,0,0.22,1772
1,2,0,0,0,0,0.8,1774
0,4,0,1,0,1,1,1775
0,2,0,0,0,0,0.6,1777
0,8,0,0,1,1,0.67,1844
0,8,0,0,0,0,1,1844
0,8,0,0,0,0,0.2,1844
0,8,0,0,0,0,0.25,1844
1,2,0,0,0,0,2,1853
1,3,0,0,0,0,1.4,1853
1,3,0,0,0,0,0.67,1859
1,2,0,0,0,0,1,1860
0,2,0,0,0,0,0.56,1872
1,3,0,0,0,0,0.5,1880
0,2,0,0,0,0,0.67,1881
1,3,0,0,1,0,1,1887
0,2,0,0,0,0,0.33,1903
1,3,0,0,1,1,0.8,1903
0,2,0,0,0,0,0.57,1921
1,3,0,0,0,1,1,1927
0,4,0,0,0,0,1.5,1931
0,2,0,0,0,0,0.33,1931
0,2,0,0,0,0,0.33,1931
0,3,0,0,0,0,0.75,1931
1,2,0,0,0,1,0.43,1936
0,6,0,0,0,0,0.33,1938
0,6,0,0,0,0,0.67,1938
0,6,0,0,0,0,0.33,1938
0,6,0,0,1,0,0.33,1938
1,3,0,0,0,0,1,1952
0,3,0,0,0,1,0.75,1952
1,4,0,0,0,0,1,1952
0,2,0,0,0,0,0.5,1970
1,2,0,0,0,0,0.8,1989
0,3,0,0,0,0,0.67,1989
0,1,0,0,0,0,0.33,2071
1,2,0,1,1,1,1,2092
0,7,0,0,1,0,0.25,2100
1,7,0,0,1,1,0.33,2100
1,7,0,0,0,1,0.67,2100
0,7,0,0,0,0,0.25,2100
0,7,0,0,0,0,1.5,2107
0,7,0,0,0,1,0.8,2107
1,7,0,0,0,0,0.75,2107
0,7,0,0,0,0,0.33,2122
1,7,0,0,0,0,0.67,2123
0,7,0,0,0,0,0.67,2124
0,7,0,0,0,0,0.67,2137
0,7,0,0,0,0,1,2137
0,7,0,0,0,0,0.67,2137
0,2,0,0,0,1,0.5,2137
0,2,0,0,0,0,0.5,2138
1,2,0,0,0,0,0.33,2138
0,2,0,0,0,0,0.2,2138
0,2,0,0,0,1,0.75,4113
1,2,0,0,0,0,0.75,4113
0,3,0,0,0,0,0.4,4113
0,4,0,0,0,0,0.25,4113
0,4,0,0,0,1,1,2151
0,7,0,0,0,0,0.67,2155
0,7,0,0,1,0,0.33,2156
0,3,0,0,0,0,0.25,2160
0,5,0,0,0,1,0.2,2176
0,2,0,0,0,1,0.4,2183
1,2,0,0,0,1,0.44,2202
0,2,0,0,0,0,0.8,2203
0,2,0,0,0,0,0.75,2217
0,3,0,0,0,1,0.4,2217
0,4,0,0,0,0,0.6,2217
0,2,0,0,1,1,0.57,2218
0,4,0,0,1,0,1,2231
1,2,0,0,0,0,0.25,2235
1,3,0,0,1,1,0.25,2235
1,4,0,0,0,0,0.33,2258
1,4,0,0,0,0,0.33,2258
1,4,0,0,0,0,0.33,2258
0,3,0,0,0,1,0.22,2261
0,2,0,0,0,0,1,2273
0,2,0,0,0,0,1,2273
0,2,0,0,0,0,1,2274
1,5,0,0,0,0,2,2286
1,6,0,0,0,1,0.67,2286
1,6,0,0,0,0,1.5,2286
1,6,0,0,1,0,0.5,2286
1,4,0,0,1,1,1,2290
1,4,0,0,0,0,0.8,2290
0,2,0,0,0,1,0.2,2310
0,2,0,0,0,0,0.6,2310
0,2,0,0,0,0,1.5,2315
0,3,0,0,0,0,1.17,2315
0,4,0,0,0,0,1.33,2323
0,5,0,0,0,0,1,2323
0,3,0,0,0,0,0.67,2356
0,2,0,1,0,0,1,2375
0,2,0,1,0,0,2,2375
0,2,0,1,0,0,1.25,2395
0,5,1,0,0,0,0.33,2402
0,3,0,0,0,0,1,2413
0,2,0,0,0,1,0.5,2416
0,2,0,0,0,0,0.67,2416
1,3,0,0,0,0,0.6,2416
1,2,0,0,0,0,0.17,2442
1,3,0,0,1,0,0.67,2462
0,3,0,0,0,1,0.5,2462
1,4,0,0,0,1,0.67,2462
0,2,0,0,1,1,0.25,2465
1,2,0,0,1,1,0.86,2471
1,3,0,0,0,1,1.14,2471
1,3,0,0,1,1,0.6,2482
1,3,0,0,0,0,1,2496
0,4,0,0,1,0,0.75,2496
0,4,0,0,0,1,0.5,2535
1,3,0,1,1,1,1,2552
0,2,0,0,1,1,0.5,2553
0,2,0,0,0,0,0.25,2553
1,6,0,0,0,0,0.25,2554
0,6,0,0,0,0,0.5,2554
0,7,0,0,0,0,0.5,2554
1,4,0,0,1,1,0.75,2555
0,4,0,0,0,1,1.75,2555
1,4,0,0,0,0,0.2,2555
0,5,0,0,0,0,1.25,2555
0,2,0,0,0,0,0.22,2559
1,4,0,0,0,1,1,2584
1,7,0,0,0,0,1,2591
1,7,0,0,1,0,2,2591
1,3,0,0,1,1,1.67,2597
0,4,0,0,0,0,0.75,2597
0,2,0,0,0,0,0.5,2617
0,3,0,0,0,0,0.67,2626
0,5,0,0,0,0,0.75,2637
1,5,0,0,0,0,0.75,2637
0,2,0,0,0,0,0.33,2637
1,7,0,0,0,0,1.33,2667
0,7,0,0,0,0,1,2667
0,7,0,0,0,0,0.67,2667
0,7,0,0,0,0,1,2667
0,2,0,0,0,0,0.22,2674
0,2,0,0,0,0,0.22,2674
0,2,0,0,0,0,0.22,2674
0,5,0,0,0,0,0.5,2707
0,3,0,0,0,0,0.33,2707
0,4,0,0,1,0,1,2707
1,5,0,0,1,1,1,2707
0,2,0,0,0,0,0.8,2733
0,5,0,0,0,0,0.33,2738
0,5,0,0,0,1,1,2738
0,6,0,0,0,0,0.33,2738
0,5,0,0,0,0,2,2749
0,5,0,0,0,0,1,2749
0,3,0,0,0,0,0.4,2764
0,2,0,0,0,0,0.86,2764
0,2,0,0,0,0,0.2,2772
0,3,0,0,0,0,0.5,2772
1,3,0,0,0,0,2,2785
0,3,0,0,0,0,0.25,2785
0,4,0,0,0,0,0.5,2793
0,2,0,0,0,1,0.25,2793
0,2,0,0,0,0,0.5,2793
0,3,0,0,0,0,0.25,2793
0,6,0,0,1,0,0.33,2804
1,6,0,0,0,0,0.33,2804
0,7,0,0,0,0,0.33,2804
0,2,0,0,0,0,1,2821
0,4,0,0,0,0,0.33,2822
0,2,0,0,0,0,1,2828
0,3,0,0,0,0,0.33,2840
1,4,0,0,0,0,1.33,2845
1,3,0,0,0,0,0.5,2853
0,2,0,0,0,0,1,2871
0,2,0,0,0,0,0.29,2899
0,3,0,0,0,0,0.75,2899
0,2,0,0,0,0,0.6,2899
0,2,0,0,0,0,0.2,2902
0,3,0,0,0,0,0.2,2902
0,3,0,0,0,0,0.67,2906
0,3,0,0,0,0,0.5,2906
0,3,0,0,0,0,0.33,2906
0,3,0,0,0,0,0.25,2906
0,2,0,0,0,0,0.8,2909
0,3,0,0,0,0,0.75,2918
0,3,0,0,0,0,0.25,2921
0,2,0,0,0,0,0.67,2921
0,3,0,0,0,0,0.25,2921
0,3,0,0,1,1,0.33,2921
0,3,0,0,0,0,1,2930
0,3,0,0,0,0,0.25,2943
0,2,0,0,0,0,1.5,2945
0,2,0,0,0,0,1,2952
0,3,0,0,0,0,0.5,2952
0,3,0,0,0,0,1,2958
0,2,0,0,0,0,1,2966
1,2,0,0,1,1,0.67,2966
0,2,0,0,1,0,0.67,3001
0,2,0,0,0,0,0.57,3012
0,2,0,0,0,0,0.43,3054
0,2,0,0,0,0,0.75,3055
0,4,0,0,0,0,1.25,3072
0,2,0,0,0,0,1.5,3076
0,7,0,0,0,0,0.33,3104
1,4,1,1,0,0,1.5,3114
0,4,0,0,1,0,1,3117
1,2,0,0,0,0,1.57,3119
0,7,0,0,0,0,1.33,3146
0,4,0,0,0,0,0.5,3166
0,3,0,0,0,0,0.5,3197
1,7,0,0,0,0,0.4,3271
0,5,0,0,0,0,0.67,3282
0,2,0,0,0,0,0.22,3321
0,3,0,0,0,0,0.67,3322
0,3,0,0,0,0,0.5,3322
0,3,0,0,0,0,0.5,3322
0,7,0,0,0,0,0.67,3345
0,7,0,0,0,0,1,3345
1,5,0,0,0,0,0.75,3352
0,5,0,0,0,0,0.33,3353
1,3,0,0,1,1,0.6,3362
1,3,0,0,1,1,1,3362
1,3,0,0,0,1,0.75,3362
0,3,0,0,0,0,0.5,3382
1,4,0,0,0,1,0.5,3388
0,4,0,0,0,0,1.25,3388
1,4,0,0,1,1,2,3388
1,7,0,0,0,0,0.6,3398
0,4,0,0,0,0,1,3437
0,4,0,0,0,0,1.33,3437
0,3,0,0,0,0,1.5,3437
0,4,0,0,0,0,0.33,3437
1,3,0,0,0,0,0.33,3444
1,3,0,0,0,0,1.5,3444
0,2,0,0,0,0,1.33,3453
0,2,0,0,0,1,0.56,3469
0,2,0,0,0,0,0.11,3469
0,2,0,0,0,0,0.44,3469
0,2,0,0,0,0,0.25,3487
1,2,0,0,0,0,0.67,3487
0,2,0,0,0,0,0.67,3506
0,3,0,0,0,0,0.6,3514
0,2,0,0,0,0,0.67,3514
0,3,0,0,0,0,0.5,3514
0,2,0,0,0,0,0.33,3533
0,2,1,0,0,0,0.25,3567
0,7,0,0,0,1,1,3573
1,7,0,0,1,1,1,3573
0,2,0,0,0,0,0.67,3580
0,3,0,0,0,0,0.33,3593
0,3,0,0,0,1,0.67,3595
0,5,0,0,0,1,0.33,3609
0,6,0,0,0,0,1.75,3609
0,6,0,0,0,0,1,3609
0,5,0,0,1,0,0.33,3614
0,5,0,0,0,0,0.2,3614
0,5,0,0,0,0,0.5,3614
0,2,0,0,0,0,1,3616
0,3,0,0,0,0,1,3652
1,2,0,0,0,0,0.75,3655
0,2,0,0,0,0,0.14,3668
0,6,0,0,0,0,0.33,3714
1,5,1,0,0,0,0.67,3726
0,3,0,0,0,0,0.25,4079
0,3,0,0,0,0,1,4079
0,3,0,0,0,0,0.33,4079
0,1,0,0,0,0,0.5,3756
0,2,0,0,0,0,0.2,3756
0,3,0,0,0,0,1,3758
0,3,0,0,0,0,0.33,3772
1,3,0,0,0,0,0.5,3772
0,1,0,0,0,0,1.5,3788
0,3,0,0,0,0,0.33,3788
0,3,0,0,0,0,0.22,3802
0,3,0,0,0,0,0.83,3803
0,2,0,0,0,0,0.56,3803
0,5,0,0,0,0,0.25,3811
1,3,0,0,0,0,0.5,3844
1,3,0,0,0,0,0.5,3844
0,3,0,0,0,1,1,3847
1,4,0,0,1,1,2,3847
0,4,0,0,0,0,1,3847
1,7,0,0,0,1,1,3854
0,7,0,0,0,0,1.5,3854
0,7,0,0,0,1,0.5,3854
1,7,0,0,0,0,1,3854
1,6,0,0,0,0,0.67,3856
1,6,0,0,0,1,1.33,3856
0,6,0,0,0,0,0.67,3856
0,2,0,0,0,1,1,3865
1,5,0,0,1,1,0.4,3889
1,5,0,0,1,1,0.33,3889
1,5,0,0,0,1,0.67,3889
0,6,0,0,0,0,1,3889
1,2,0,0,0,0,0.43,3923
0,2,0,0,0,0,0.67,3964
1,3,0,0,0,0,1,3968
1,3,0,0,0,0,1,4002
0,2,0,0,0,0,0.67,4002
0,3,0,0,0,0,0.5,4002
1,2,0,0,0,0,0.67,4002
0,3,0,1,1,0,0.33,4014
0,4,0,0,0,0,0.5,4022
1,2,0,0,0,0,1.25,4027
0,3,0,0,0,0,0.5,4027
0,3,0,0,0,0,0.25,4027
0,2,0,0,0,0,0.67,4030
0,2,0,0,0,0,0.4,4030
1,2,0,0,0,0,1,4040
1,4,0,0,0,0,0.33,4059
0,3,0,0,0,0,0.25,4068
1,3,0,0,0,0,0.75,4068
1,3,0,0,0,1,0.75,4068
1,3,0,0,1,1,1,4068
0,7,0,0,0,0,1.25,4076
0,6,0,0,0,0,0.25,4076
0,4,0,0,0,0,0.25,4076
0,8,0,0,0,1,0.5,4139
0,8,0,0,0,0,1,4148
0,7,0,0,0,0,0.25,4161
0,3,0,0,0,0,0.33,4162
1,7,0,0,1,0,1,4166
0,7,0,0,0,0,0.67,4182
0,7,0,0,0,0,0.67,4182
0,7,0,0,0,0,0.6,4182
0,4,0,0,0,0,1,4184
0,6,0,0,0,1,0.4,4197
0,5,0,0,1,0,0.33,4201
1,4,0,0,0,0,0.67,4210
0,4,0,0,0,0,1,4210
0,7,0,0,0,1,1,4210
1,4,0,0,0,0,1,4210
1,7,1,0,1,0,0.5,4227
0,3,0,0,1,0,0.33,4239
0,4,0,1,0,0,0.5,4274
0,5,1,0,1,1,0.25,4280
1,6,0,0,1,1,0.5,4282
0,7,0,0,0,0,1,4294
0,7,0,0,0,0,2,4294
0,7,0,0,0,0,0.5,4294
1,2,0,0,1,0,0.75,4334
0,3,0,0,0,0,0.4,4334
0,3,0,0,0,0,0.33,4334
0,3,0,0,0,0,0.33,4334
0,7,0,0,0,0,0.17,4340
0,7,0,0,0,0,1,4340
0,7,0,0,0,0,1,4340
1,3,0,0,0,1,0.8,4351
1,4,0,0,0,0,0.6,4351
0,5,0,0,0,0,0.5,4358
1,5,0,0,0,0,0.75,4382
1,5,0,0,0,0,0.5,4383
0,5,0,0,1,0,1,4395
0,7,0,0,0,1,1,4400
0,7,0,0,1,1,1,4400
0,6,0,0,0,0,0.33,4406
0,4,0,0,0,0,0.33,4413
1,5,0,1,0,0,0.5,4416
0,6,0,0,0,0,0.67,4418
0,1,0,0,1,1,1,4420
1,5,0,0,1,0,0.5,4423
0,6,0,0,0,1,0.67,4426
0,4,0,0,0,0,0.67,4426
0,7,0,0,0,0,0.5,4465
0,7,0,0,0,1,0.33,4465
1,7,0,0,1,1,0.6,4468
0,4,0,0,0,0,0.83,4470
1,4,1,0,1,0,0.33,4486
0,4,0,0,0,0,0.4,4504
0,2,0,0,0,0,1,6118
0,4,0,0,0,1,0.67,4538
0,8,0,0,0,0,0.33,4542
0,8,0,0,0,0,0.33,4542
1,8,0,0,0,0,0.5,4542
0,7,0,0,0,0,0.4,4546
0,8,0,0,0,0,1,4548
0,8,0,0,0,0,0.5,4548
0,8,0,0,0,0,1,4548
1,3,0,0,0,0,0.33,4564
0,4,0,0,1,1,0.5,4576
0,4,0,0,0,1,0.33,4576
1,4,0,0,0,1,0.67,4576
0,4,0,0,0,0,0.2,4576
0,3,0,0,0,1,0.5,4578
0,4,0,0,0,0,0.5,4584
0,4,0,0,0,0,0.4,4584
0,4,0,0,1,0,0.5,4584
0,4,0,0,0,0,0.33,4584
1,4,0,0,0,0,0.33,4592
0,7,0,0,0,1,1,4598
0,7,0,0,0,1,1.5,4599
0,6,0,0,0,0,0.33,4604
0,6,0,0,0,0,1,4609
0,2,0,0,0,0,0.75,4615
0,5,0,0,0,0,1,4626
0,3,0,0,0,1,1,4639
0,5,0,0,0,0,0.33,4646
0,5,0,0,0,0,0.5,4646
0,2,0,0,0,1,0.67,4674
0,7,0,0,0,0,0.33,4719
0,7,0,0,0,0,0.67,4719
0,7,0,0,0,0,0.33,4719
0,8,0,0,0,0,0.5,4724
0,9,0,0,0,0,0.4,4733
0,9,0,0,0,0,0.5,4733
0,9,0,0,0,0,0.33,4733
0,3,0,0,0,0,0.33,4744
0,3,0,0,0,0,0.33,4744
0,5,0,0,0,0,0.33,4757
0,5,0,0,0,0,0.33,4757
0,7,0,0,0,0,0.67,4759
0,7,0,0,0,0,0.25,4759
0,8,0,0,0,0,0.5,4774
0,8,0,0,0,0,1,4774
0,8,0,0,0,1,1,4774
0,8,0,0,0,0,0.33,4774
0,8,0,0,1,0,0.67,4780
0,8,0,0,0,0,1,4780
0,8,0,0,0,0,0.33,4780
0,3,0,0,0,0,1,4784
0,8,0,0,0,0,1,4786
0,7,0,0,0,0,1.33,4789
0,7,0,0,0,0,0.5,4789
0,7,0,0,0,0,0.33,4789
0,7,0,0,0,0,2,4789
0,8,0,0,0,0,0.75,4793
0,4,0,0,0,0,0.67,4794
0,8,0,0,0,0,0.33,4805
0,8,0,0,0,0,0.11,4805
0,5,0,0,0,0,1,4823
1,4,0,1,0,1,0.4,4832
1,7,0,0,0,1,0.67,4842
1,7,0,0,1,1,0.67,4842
0,3,0,0,0,0,0.5,4858
0,4,0,0,0,0,0.5,4863
0,3,0,0,0,0,0.5,4875
0,4,0,0,1,1,1,4875
0,5,0,0,0,0,0.5,4875
0,5,0,0,0,0,0.5,4880
0,3,0,0,0,0,0.4,4896
0,7,0,0,0,0,0.5,4901
0,8,0,0,0,0,1,4915
0,8,0,0,0,0,0.5,4915
0,6,0,0,0,0,2,4917
0,6,0,0,0,0,1,4917
0,6,0,0,0,0,1,4917
0,8,0,0,0,0,0.5,4938
1,8,0,0,0,0,0.67,4938
0,7,0,0,0,0,0.33,4947
0,7,0,0,0,0,0.33,4947
0,8,0,0,0,0,0.5,4947
0,8,0,0,0,0,1,4947
0,7,0,0,0,0,0.2,4956
0,3,0,0,0,0,1,4976
0,5,0,0,0,0,0.6,4981
0,6,0,0,0,0,0.5,4981
1,6,0,0,1,0,0.5,4981
0,4,0,0,0,0,1,4991
0,5,0,0,0,1,0.5,5025
0,4,0,1,1,1,0.33,5048
0,6,0,1,0,0,0.33,5048
0,6,0,1,1,0,0.33,5048
0,2,0,0,0,0,0.6,5052
0,2,0,0,0,0,0.75,5052
0,8,0,0,0,0,0.25,5056
0,3,0,0,0,0,0.25,5070
0,4,0,0,0,0,0.5,5070
0,3,1,0,0,1,0.33,5081
0,3,0,0,1,0,1,5082
0,2,0,0,0,0,0.33,5084
0,2,0,0,0,0,1,5084
0,4,0,0,0,0,0.67,5104
0,4,0,0,0,0,2,5104
0,4,0,0,0,1,1,5104
0,7,0,0,0,0,0.5,5106
0,7,0,0,0,0,0.67,5106
0,7,0,0,0,0,0.25,5106
0,7,0,0,0,0,0.67,5106
0,3,0,0,0,0,0.5,5144
0,3,0,0,0,0,1,5144
0,7,0,0,0,0,2,5148
1,7,0,0,1,0,3,5150
0,6,0,0,0,0,1,5154
0,3,0,0,0,0,2,5164
0,8,0,0,1,1,0.33,5165
0,8,0,0,0,0,0.67,5166
0,7,0,0,0,0,0.4,5186
0,7,0,0,1,0,0.25,5186
0,7,0,0,0,0,1.25,5186
0,7,0,0,1,0,1,5186
0,8,0,0,0,1,0.5,5189
0,8,0,0,0,0,0.67,5189
0,6,0,0,0,0,0.33,5190
0,6,0,0,0,0,0.33,5193
0,3,0,0,0,1,1,5217
0,9,0,0,0,0,1,5230
0,9,0,0,0,0,0.75,5230
0,8,0,0,0,0,0.5,5237
1,3,0,0,1,1,0.67,5258
1,4,0,0,1,0,0.75,5258
0,7,0,0,0,0,0.6,5259
0,7,0,0,0,0,0.33,5259
0,7,0,0,0,0,0.4,5259
0,3,0,0,0,0,0.6,5278
0,2,0,0,0,0,0.29,5290
0,8,0,0,0,0,0.25,5312
0,8,0,0,0,0,0.5,5312
0,5,0,0,0,0,0.5,5312
0,5,0,0,0,0,1,5312
0,3,0,0,0,0,1,5319
0,3,0,0,0,0,1,5319
0,8,0,0,0,0,0.33,5331
0,8,0,0,0,0,0.33,5331
0,5,0,0,0,1,0.17,5372
0,6,0,0,0,1,0.22,5373
0,6,0,0,0,1,0.11,5373
0,6,0,0,0,0,0.33,5373
0,1,0,0,0,0,0.57,5387
1,4,0,1,0,0,1,5397
0,5,0,0,0,0,1,5398
0,5,0,0,0,1,0.33,5398
0,7,0,0,0,0,0.33,5402
0,7,0,0,0,1,0.33,5402
0,7,0,0,0,0,0.33,5402
0,7,0,0,0,0,0.25,5402
0,2,0,0,0,0,1,5425
0,2,0,0,0,0,0.5,5425
0,2,0,0,0,0,1,5425
0,2,0,0,0,0,1,5425
0,4,0,0,0,0,0.5,5438
0,4,0,0,0,0,0.67,5438
0,4,0,0,0,0,0.33,5438
0,5,0,0,1,0,0.5,5438
0,5,0,0,0,0,0.67,5456
0,4,0,0,0,0,0.5,5476
0,8,0,0,0,0,0.67,5481
0,8,0,0,0,0,0.67,5481
0,8,0,0,0,0,0.5,5481
0,8,0,0,0,0,0.33,5481
0,4,0,0,0,0,0.33,5489
0,4,0,0,0,0,1,5489
0,4,0,0,0,0,1,5489
0,4,0,0,0,0,0.5,5489
0,8,0,0,0,0,0.33,5496
0,3,0,0,0,0,1,6073
0,2,0,0,0,0,0.22,6076
0,4,0,0,0,0,0.5,5514
0,7,0,0,0,0,0.67,5533
0,7,0,0,0,0,0.25,5533
0,8,0,0,0,1,0.5,5533
0,8,0,0,0,1,0.33,5533
1,7,0,0,0,0,0.75,5544
0,4,0,0,0,0,0.33,5546
1,4,0,0,1,1,0.4,5547
0,5,0,0,0,1,0.5,5547
0,4,0,0,0,1,0.4,5550
0,5,0,0,0,1,0.25,5550
0,7,0,0,0,0,0.75,5551
0,7,0,0,0,0,0.5,5551
0,7,0,0,1,1,0.4,5551
0,7,0,0,0,0,0.25,5551
0,5,0,0,0,0,0.33,5567
1,5,0,0,0,1,1,5571
1,5,0,0,0,1,1,5571
1,5,0,0,0,1,0.8,5571
1,5,0,0,0,0,0.75,5572
0,5,0,0,0,0,0.33,5572
1,5,0,0,0,0,0.33,5572
0,5,0,0,1,1,0.75,5572
1,4,0,0,0,1,0.2,5578
1,3,0,0,0,1,0.33,5582
0,3,0,0,0,0,0.5,5588
1,7,0,0,1,0,0.8,5595
1,7,0,0,1,1,0.2,5595
1,1,0,0,0,1,0.5,5595
1,2,0,0,1,0,0.67,5595
1,7,0,0,0,0,0.5,5596
0,7,0,0,0,0,0.75,5596
0,7,0,0,0,1,0.6,5596
0,6,0,0,0,0,1,5611
0,7,0,0,0,0,0.5,5613
1,7,0,0,0,1,0.25,5613
0,6,0,0,0,1,0.4,5623
0,7,0,0,0,0,0.4,6174
1,2,0,0,1,1,0.4,6187
1,4,0,0,0,0,0.8,6188
1,2,0,0,1,1,0.25,6228
0,3,0,0,1,0,1,6228
1,4,0,0,0,1,0.25,6228
1,5,0,0,1,1,0.5,6228
0,2,0,0,0,0,0.5,5649
0,3,0,0,0,0,0.25,5654
0,4,1,1,0,0,1,5672
0,4,1,1,0,0,1,5672
0,7,0,0,0,0,0.5,5673
0,7,0,0,0,0,0.33,5673
0,7,0,0,0,0,0.5,5673
0,7,0,0,0,0,1,5673
0,4,0,0,1,1,0.33,5689
1,2,0,0,0,0,1.5,5695
0,2,0,0,0,0,0.5,5695
0,2,0,0,0,1,1.4,5699
0,2,0,0,0,0,0.2,5699
1,2,0,0,0,0,1,5699
0,5,1,0,1,0,0.5,5715
1,2,0,0,0,0,0.75,5727
1,3,0,0,0,0,1.25,5729
0,4,0,0,0,0,1,5729
1,6,0,0,0,0,1,5735
1,4,0,0,1,1,1,5742
1,6,0,0,1,0,1,5761
1,2,0,0,1,1,0.25,5766
0,1,0,0,0,0,0.33,6080
1,5,0,1,0,1,0.5,6101
1,2,0,1,1,0,1,6152
1,6,1,1,0,1,0.75,6185
1,2,0,0,0,0,0.57,6222
1,5,1,0,1,1,0.5,6235
0,5,1,0,1,0,0.6,6242
0,7,1,0,1,0,0.8,6242
1,4,0,0,1,1,1.33,6244
0,6,0,0,0,0,0.33,5769
1,6,0,0,0,0,0.33,5769
0,7,0,0,0,0,0.33,5769
0,2,0,0,0,0,0.67,5787
0,3,0,0,0,0,0.75,5799
1,5,0,1,0,0,1.2,5801
1,5,0,0,0,0,1.2,5802
1,6,0,0,0,0,0.5,5815
1,6,0,0,1,1,1.33,5815
0,2,0,0,0,0,0.33,5818
0,2,0,0,0,0,0.33,5819
0,6,0,0,0,0,0.5,5847
0,7,0,0,0,0,0.5,5847
1,7,0,0,1,0,0.5,5861
1,2,1,1,0,1,1,5879
1,2,0,0,0,0,0.5,6093
1,2,0,0,0,1,0.4,6103
0,3,0,0,0,0,0.4,6103
0,4,0,0,0,0,0.8,6103
1,5,0,0,0,1,0.2,6103
1,6,0,0,0,0,0.6,6104
0,6,0,0,0,0,0.5,5899
0,3,0,0,0,0,0.75,5903
0,3,0,0,0,0,1,5903
1,3,0,0,0,0,0.33,5903
0,4,0,0,0,0,0.33,5912
0,7,0,0,0,0,0.25,5914
1,7,0,0,0,0,0.8,5929
0,2,0,0,0,0,0.25,5929
1,5,0,0,0,0,0.8,5932
0,6,0,0,0,0,0.4,5932
0,5,0,0,0,0,0.33,5938
0,7,0,0,1,1,1,5949
1,6,0,0,1,0,0.6,5970
1,2,0,0,1,0,0.6,5970
1,3,0,0,0,0,0.5,5970
0,6,0,0,1,1,0.33,5981
0,6,0,0,1,1,0.33,5981
0,4,0,0,0,0,0.75,5985
1,4,0,0,0,1,1.33,5985
0,3,0,0,1,1,0.33,5990
0,3,0,0,0,0,1.25,5995
0,3,0,0,0,0,0.33,5997
1,3,0,0,0,0,0.33,5997
0,3,0,0,0,0,0.33,5997
1,3,0,0,0,0,0.33,5997
0,6,0,0,1,1,0.67,6001
0,6,0,0,0,1,1.25,6001
0,6,0,0,1,1,1,6001
0,3,0,0,0,0,1,6007
1,3,0,0,0,0,0.67,6007
0,3,0,0,0,0,1,6007
1,3,0,0,0,0,1.33,6007
1,4,0,0,0,0,0.75,6009
1,4,0,0,0,0,0.5,6009
1,4,0,0,1,1,1,6015
1,5,0,0,0,0,2,6015
0,3,0,1,0,0,0.8,6021
1,5,0,0,0,0,1,6055
0,3,0,0,1,1,2,6056
1,3,0,0,1,1,1,6056
1,3,0,0,0,1,1,6056
1,2,0,0,0,1,1,6129
0,7,0,0,0,0,0.33,6241
0,2,0,0,0,0,0.25,6263
0,3,0,0,0,0,0.4,6263
0,3,0,0,0,0,0.33,6269
0,2,0,0,0,0,0.6,6271
0,3,0,0,0,0,0.4,6271
1,2,0,0,0,0,1.25,6284
0,3,0,0,0,0,0.4,6288
0,2,0,0,0,0,0.8,6288
0,2,0,0,0,0,0.25,6299
0,4,0,0,0,0,0.4,6308
0,2,0,0,0,0,1,6330
0,4,0,0,0,0,0.5,6373
0,3,0,0,0,1,0.33,6373
0,3,0,0,0,0,0.75,6373
0,2,0,0,0,0,0.5,6380
0,4,0,0,0,1,0.33,6388
0,5,0,0,0,0,0.33,6394
0,2,0,0,0,0,1,6424
0,3,0,0,0,0,1.25,6424
0,4,0,0,0,0,0.5,6424
0,3,0,0,0,0,1,6428
1,2,0,0,0,0,0.22,8519
0,2,0,0,1,0,0.2,8520
1,2,0,0,0,0,1,6458
1,3,0,0,0,1,1,6458
0,4,0,0,0,0,1,6458
0,2,0,0,0,0,0.2,6466
0,3,0,0,0,0,0.5,6469
1,3,0,0,0,0,1,6478
0,2,0,0,0,0,2,6489
0,2,0,0,0,0,0.33,6493
0,3,0,0,0,0,0.67,6496
0,3,0,0,0,0,1.33,6509
0,2,0,0,0,0,1,6509
1,7,0,0,0,0,0.67,6538
0,7,0,0,0,0,2,6538
1,7,0,0,1,0,0.75,6538
0,7,0,0,0,0,1,6538
1,4,0,0,0,0,0.5,6561
0,7,0,0,0,0,0.33,6571
0,7,0,0,0,0,0.67,6571
1,7,0,0,1,0,0.5,6571
0,5,0,1,0,1,1,6573
0,2,0,0,0,0,4,6583
0,4,0,0,0,0,1,6587
0,4,0,0,0,0,1.33,6587
0,4,0,0,0,0,1.33,6587
1,5,0,1,0,0,1.33,6592
1,5,0,1,1,0,1.25,6592
0,5,0,1,0,0,0.5,6592
1,6,0,1,1,0,1.25,6592
0,2,0,0,0,0,0.29,6600
0,2,0,0,0,0,0.57,6600
0,4,0,0,0,0,0.67,6629
0,3,0,0,0,0,0.6,6629
0,2,0,0,0,0,0.44,6629
0,2,0,0,0,0,0.5,6643
0,1,0,0,0,0,0.25,6652
0,2,0,0,0,1,1,6656
0,1,0,0,0,0,1.5,6690
0,3,0,0,0,0,0.6,6690
0,5,0,0,0,0,0.33,6713
1,3,0,0,0,0,0.33,6718
0,6,1,0,0,0,1,6727
0,3,0,1,0,1,0.33,6743
0,3,0,1,0,0,0.67,6743
0,4,0,1,1,1,0.33,6743
0,4,0,0,0,0,1.4,6763
0,4,0,0,0,0,0.6,6766
0,2,0,0,0,0,0.78,6775
0,2,0,0,0,0,0.33,6788
1,2,0,0,0,0,0.4,6798
0,3,0,0,0,0,0.33,6824
0,3,0,0,0,0,0.33,6824
0,3,0,0,1,0,0.5,6824
0,7,0,0,0,0,1,6835
0,7,0,0,0,1,2,6835
0,1,0,0,0,0,1.5,6839
0,8,0,0,0,1,1,6867
0,8,0,0,0,0,1,6867
0,8,0,0,0,0,1.5,6867
0,8,0,0,0,0,0.33,6867
1,7,0,0,0,0,1,6872
0,7,0,0,0,0,1.33,6872
0,7,0,0,0,1,0.75,6872
0,7,0,0,1,1,0.25,6872
0,2,0,0,0,0,0.5,6881
0,3,0,0,0,0,1.25,6901
0,3,0,0,0,0,0.4,6901
0,2,0,0,0,0,0.4,6918
0,3,0,0,0,0,0.4,6918
0,2,0,0,0,0,0.2,6924
0,1,0,0,0,0,0.33,6925
0,2,0,0,0,0,0.8,6925
0,4,0,0,0,0,0.2,6925
0,6,0,0,0,0,0.33,6927
0,2,0,0,0,0,0.75,6954
0,2,0,0,0,0,1,6954
0,3,0,0,0,0,0.5,6954
0,3,0,0,0,0,1,6965
0,2,0,0,0,0,0.67,6986
0,3,0,0,0,1,0.6,6986
1,3,0,0,0,0,1,6987
0,3,0,0,0,0,0.83,6993
0,2,0,0,0,0,0.2,6993
0,3,0,0,0,0,0.17,6993
0,2,0,0,0,0,0.2,7036
0,3,0,0,0,0,0.8,7036
0,4,0,0,0,0,1,7036
0,2,0,0,0,0,0.44,7060
0,2,0,0,0,0,0.29,7060
0,3,0,0,0,0,0.83,7085
0,2,0,0,0,1,0.83,7085
0,3,0,0,0,1,1,7096
0,3,0,0,0,1,1,7096
0,3,0,0,0,0,0.75,7096
0,2,0,0,0,0,0.33,7096
0,2,0,0,0,0,0.17,7105
0,4,0,0,0,0,0.33,7105
0,6,0,0,0,0,0.5,7107
0,4,0,0,0,1,0.5,7110
0,4,0,0,0,1,1,7110
0,3,0,0,0,0,1,7111
0,4,0,0,0,0,0.4,7111
0,6,0,0,0,0,0.25,7118
1,6,0,0,0,0,1.33,7118
0,6,0,0,0,0,1,7118
0,6,0,0,0,0,0.33,7118
0,7,0,0,0,0,0.67,7122
0,7,0,0,0,1,0.2,7122
0,7,0,0,0,0,0.8,7122
0,2,0,0,0,1,1,7156
0,2,0,0,0,1,1.33,7156
0,7,0,0,1,0,0.5,7170
0,7,0,0,0,0,0.6,7170
0,2,0,0,0,0,1.17,7181
0,9,0,0,0,0,0.5,7193
0,9,0,0,0,0,1,7193
1,9,0,0,0,0,0.5,7193
0,9,0,0,0,0,1,7193
0,7,0,0,0,0,0.33,7199
0,7,0,0,0,0,0.33,7199
0,7,0,0,0,0,0.33,7199
1,7,0,0,0,0,1,7199
0,2,0,0,0,0,0.33,7208
0,2,0,0,0,0,0.67,7208
0,3,0,0,0,0,0.5,7230
0,2,0,0,0,0,0.8,7236
0,2,0,0,1,1,0.14,7236
0,7,0,0,0,0,0.5,7238
0,2,0,0,0,1,0.75,7238
0,2,0,0,0,0,0.67,7238
0,2,0,0,0,0,0.75,7239
0,2,1,0,0,0,0.71,7248
0,2,0,0,0,0,0.67,7269
0,2,0,0,0,0,0.57,7269
0,2,0,0,0,0,0.56,7273
0,2,0,0,0,0,0.89,7280
0,2,0,0,0,0,0.83,7291
0,2,0,0,0,0,0.5,7338
0,2,0,0,0,0,0.6,7338
0,2,0,0,0,1,0.33,7341
0,2,0,0,0,0,0.67,7356
0,3,0,0,0,0,1,7356
0,7,0,0,0,0,0.33,7363
1,7,0,0,0,0,0.5,7363
0,7,0,0,1,0,0.25,7363
0,7,0,0,0,0,0.33,7363
0,3,0,0,1,1,1.67,7368
0,6,0,1,0,0,0.33,7371
0,6,0,1,0,0,0.75,7371
0,8,0,0,0,0,0.67,7374
0,8,0,0,0,0,1,7374
0,8,0,0,0,0,1,7374
0,3,0,0,0,0,0.67,7377
0,3,0,0,0,0,1.5,7377
0,4,0,0,0,0,0.6,7377
0,7,0,0,0,0,0.33,7407
0,2,0,0,0,0,1,7426
0,3,0,0,0,0,1.2,7426
0,5,0,0,0,0,1,7429
1,6,0,0,0,0,1.5,7432
0,3,0,0,1,0,0.5,7436
0,5,0,0,0,0,1,7450
0,6,0,0,0,0,1,7467
0,2,0,0,0,0,0.83,7473
0,2,0,0,0,0,0.29,7473
0,2,0,0,0,1,0.78,7473
0,2,0,0,0,0,0.17,7473
0,7,0,0,0,0,0.4,7532
0,2,0,0,0,1,0.33,7534
0,4,0,0,0,0,0.5,7537
1,4,0,0,0,0,0.4,7537
1,4,0,0,0,0,0.33,7538
0,4,0,0,0,0,1,7549
0,3,0,0,0,1,1,7553
0,4,0,0,0,0,0.67,7553
0,4,0,0,0,0,0.6,7553
0,4,0,0,0,0,1,7553
0,4,0,0,0,0,1,7563
0,4,0,0,0,0,3,7563
0,5,0,0,0,1,0.6,7574
0,5,0,0,0,0,1,7574
0,5,0,0,0,1,1,7574
0,5,0,0,0,0,0.6,7574
0,4,0,0,0,0,0.75,7579
0,4,0,0,0,0,0.5,7579
0,4,0,0,0,1,1,7579
0,4,0,0,0,0,1,7579
0,3,0,0,0,1,1,7581
0,3,0,0,0,0,0.5,7581
0,3,0,0,0,1,0.75,7589
0,4,0,0,0,0,0.2,7589
0,4,0,0,1,0,0.25,7589
0,3,0,0,0,0,1,7593
0,2,0,0,0,0,0.6,7598
0,6,0,0,0,0,0.25,7603
1,3,0,0,0,0,0.5,7607
1,7,0,0,0,0,1,7612
0,3,0,0,0,0,0.8,7624
1,2,0,0,0,0,0.75,7631
0,2,0,0,0,0,0.33,7643
0,2,0,0,0,0,0.6,7654
0,3,0,0,0,0,1,7654
1,2,0,1,0,0,0.5,7660
1,3,0,1,1,0,1.25,7660
1,2,0,0,0,0,0.75,7661
0,2,0,0,0,0,0.17,7664
0,2,0,0,0,0,1,7668
0,2,0,0,0,0,0.67,7669
0,2,0,0,0,0,1,7671
0,2,0,0,0,0,1,7742
0,2,0,0,0,0,0.2,7742
1,2,0,0,0,0,0.67,7742
1,2,0,0,0,0,0.75,7742
1,2,0,1,1,1,1.67,7743
0,4,0,0,0,1,0.33,7745
0,4,0,0,0,0,0.33,7745
0,4,0,0,0,0,1.33,7745
0,4,0,0,0,1,1,7745
0,2,0,0,0,0,0.17,7774
0,2,0,0,0,0,0.67,7786
0,3,0,0,0,0,1.33,7811
0,3,0,0,0,0,0.67,7811
0,3,0,0,0,0,0.33,7818
0,3,0,0,0,0,0.33,7828
0,2,0,0,0,0,0.17,7828
0,2,0,0,0,0,0.6,7838
0,2,0,0,0,0,0.67,7841
0,2,0,0,0,0,0.4,7845
0,3,0,0,0,0,0.67,7849
0,5,0,0,0,0,2,7851
0,5,0,0,0,0,1.5,7851
0,5,0,0,0,0,1.33,7851
0,5,0,0,1,0,0.33,7851
0,4,0,0,0,0,1,7863
0,3,0,0,1,1,0.6,7890
0,2,0,0,0,0,0.5,7890
0,2,0,0,0,0,0.5,7894
0,2,0,0,0,0,0.8,7894
0,2,0,0,0,0,0.33,7894
0,2,0,0,0,0,0.5,7903
0,2,0,0,0,0,0.11,7905
0,3,0,0,0,0,0.67,7913
0,2,0,0,0,0,0.43,7927
0,2,0,0,0,0,0.5,7927
0,2,0,0,0,0,0.44,7927
0,2,0,0,0,0,0.5,7927
0,2,0,0,1,0,0.75,7949
0,3,0,0,0,1,0.4,7964
0,2,0,0,0,0,1.2,7968
0,2,0,0,0,0,0.5,7970
0,3,0,0,0,0,0.75,7997
0,3,0,0,0,0,0.4,7997
0,3,0,0,0,0,1,8008
0,2,0,0,0,0,0.5,8020
0,2,0,0,0,0,0.33,8020
0,2,0,0,0,0,0.6,8020
0,2,0,0,0,0,0.5,8020
0,2,0,0,0,0,0.6,8023
0,3,0,0,0,0,0.2,8023
0,2,0,0,0,0,1.6,8024
0,3,0,0,0,0,0.8,8025
0,2,0,0,0,0,1,8029
0,2,0,0,0,0,0.6,8034
0,3,0,0,0,0,0.4,8034
0,3,0,0,1,0,0.29,8037
0,2,0,0,1,0,0.5,8041
0,2,0,0,0,0,0.4,8054
0,3,0,0,0,0,0.67,8054
0,2,0,0,0,0,0.33,8056
0,3,0,0,0,0,0.5,8056
0,2,0,0,0,0,0.57,8076
0,2,0,0,0,0,0.67,8076
0,2,0,0,0,0,1,8076
0,3,0,0,0,0,0.67,8096
0,2,0,0,0,0,1,8111
0,2,0,0,0,0,0.57,8129
0,2,0,0,0,0,0.8,8129
0,2,0,0,0,0,0.22,8153
0,2,0,0,0,0,0.33,8164
0,2,0,0,0,0,0.4,8165
0,7,0,0,0,0,0.5,8189
0,7,0,0,0,0,1,8189
0,7,0,0,0,0,0.5,8189
1,7,0,0,0,0,0.4,8192
0,7,0,0,0,0,0.33,8192
0,2,0,0,0,0,0.5,8221
0,2,0,0,0,0,1,8222
1,2,0,0,0,1,1,8222
1,2,0,0,0,1,1,8222
0,2,0,0,0,0,0.67,8226
0,2,0,0,0,0,0.5,8226
0,2,0,0,0,0,0.67,8226
0,5,0,0,0,0,0.5,8233
1,6,0,0,0,0,1,8233
1,3,1,0,0,1,0.75,8234
0,3,1,0,0,0,1,8234
1,3,1,0,0,1,1.25,8234
0,3,1,0,0,0,2,8234
0,3,0,0,0,0,0.8,8244
0,2,0,0,0,0,0.25,8253
0,3,0,0,0,0,0.33,8267
0,2,0,0,0,0,0.67,8288
0,2,0,0,0,0,0.44,8288
0,2,0,0,0,0,0.2,8288
0,2,0,0,0,0,0.56,8309
0,2,0,0,0,0,0.4,8316
0,2,0,0,0,0,0.2,8318
0,2,0,0,0,1,0.83,8328
1,2,0,0,0,1,0.57,8330
0,2,0,0,0,0,0.78,8342
0,2,0,0,0,0,0.44,8342
0,2,0,0,0,0,0.33,8365
0,3,0,0,0,0,0.5,8365
0,2,0,0,0,0,1.2,8368
0,2,0,0,0,0,0.5,8401
0,3,0,0,0,0,1,8401
0,2,0,0,0,0,0.33,8401
0,3,0,0,0,0,0.33,8401
0,3,0,0,0,0,0.33,8402
0,3,0,0,0,0,0.33,8402
0,2,0,0,0,0,0.5,8405
1,2,0,0,0,0,1.5,8408
0,1,0,0,0,0,0.33,8412
0,2,0,0,0,0,1.14,8422
0,2,0,0,0,0,0.67,8424
0,2,0,0,0,0,0.17,8424
0,2,0,0,0,0,0.33,8424
0,2,0,0,0,0,0.17,8424
0,2,0,0,0,0,0.33,8431
0,2,0,0,0,0,0.56,8431
0,2,0,0,0,0,0.33,8436
0,2,0,0,0,0,0.5,8436
1,2,0,0,0,0,0.17,8436
1,2,0,0,0,0,0.43,8436
0,2,0,0,0,0,0.22,8438
0,2,0,0,0,0,0.33,8440
1,1,0,0,0,0,0.67,8445
1,2,0,0,0,0,0.75,8445
1,3,0,0,0,0,0.75,8445
1,2,0,0,0,0,1.2,8451
0,8,0,0,0,1,1,8505
0,8,0,0,0,0,0.33,8506
0,8,0,0,0,0,1,8506
0,2,0,0,0,0,0.67,8538
1,2,0,0,0,0,0.22,8540
0,2,0,0,0,0,0.44,8542
0,2,0,0,0,0,0.4,8546
0,2,0,0,0,0,0.17,8546
0,2,0,0,0,0,0.56,8546
1,3,0,0,0,0,0.2,8573
1,2,0,0,0,0,1,8575
0,2,0,0,0,0,0.4,8585
0,2,0,0,0,0,0.33,8595
0,2,0,0,0,0,0.67,8608
0,2,0,0,0,0,1,8608
0,2,0,0,0,0,0.33,8613
1,3,0,0,0,0,0.75,8613
0,2,0,0,0,0,0.4,8618
0,2,0,0,0,0,0.75,8642
0,3,0,0,0,0,0.5,8642
0,2,0,0,0,0,0.33,8653
1,3,0,1,0,0,1.25,8657
0,2,1,1,0,0,0.33,8668
0,2,0,0,0,0,0.8,8679
1,2,0,1,0,1,2,8696
1,6,0,0,1,1,1.5,8700
1,2,0,0,1,1,0.5,8707
0,2,0,0,0,0,0.25,8707
0,3,0,0,1,1,0.8,8716
0,4,0,0,0,0,1.5,8724
0,2,0,0,0,0,0.44,8736
0,2,0,0,0,0,0.22,8738
0,2,0,0,0,0,0.22,8738
0,2,0,0,0,0,0.17,8738
0,2,0,0,0,0,0.22,8738
0,2,0,0,0,0,0.43,8741
0,2,0,0,0,0,0.22,8741
0,3,0,0,0,0,0.33,8748
0,2,0,0,0,0,0.71,8755
0,2,0,0,0,0,0.33,8768
0,2,0,0,0,0,0.57,8768
0,2,0,0,0,0,0.5,8769
0,3,0,0,0,0,0.33,8769
0,3,0,0,0,0,0.67,8772
0,2,0,0,0,0,0.5,8772
0,3,0,0,0,0,0.11,8781
0,2,0,0,0,0,0.5,8781
0,3,0,0,0,0,0.44,8781
0,2,0,0,0,0,0.33,8792
0,2,0,0,0,0,0.44,8792
0,3,0,0,0,0,1,8829
0,5,0,0,0,0,1,8859
0,2,0,0,0,0,1,8860
0,2,0,0,0,0,0.5,8860
0,2,0,0,0,0,0.5,8860
0,3,0,0,0,0,0.67,8860
0,2,0,0,0,0,0.2,8873
0,2,0,0,0,0,1,8873
0,2,0,0,0,0,0.4,8881
0,2,0,0,0,0,0.83,8881
0,2,0,0,0,0,0.17,8881
0,2,0,0,0,0,0.33,8884
0,3,0,0,0,0,0.44,8884
0,2,0,0,0,0,0.4,8884
0,2,0,0,0,0,0.6,8887
0,2,0,0,0,0,0.17,8891
0,3,0,0,0,0,0.5,8892
0,2,0,0,0,0,0.33,8892
0,2,0,0,0,0,0.17,8912
0,3,0,0,0,0,0.8,8917
0,2,0,0,0,0,0.17,8924
0,2,0,0,0,0,0.33,8924
0,2,0,0,0,0,0.57,8924
0,2,0,0,0,0,0.5,8927
0,2,0,0,0,0,0.67,8927
0,3,0,0,0,0,1,8941
0,3,0,0,0,0,0.67,8941
0,1,0,0,0,0,1.67,8941
0,1,0,0,0,0,1.67,8941
0,2,0,0,0,0,0.22,8950
0,2,0,0,0,0,0.33,8950
0,3,0,0,0,0,0.5,8957
0,2,0,0,0,0,0.33,8957
0,2,0,0,0,0,0.33,8967
0,2,0,0,0,0,0.57,8969
0,2,0,0,0,0,0.33,8969
0,3,0,0,0,0,0.5,8981
0,2,0,0,0,0,0.2,8986
0,3,0,0,0,0,0.6,8986
0,3,0,0,0,0,0.57,9001
0,2,0,0,0,1,0.57,9003
0,2,0,0,0,0,0.5,9006
0,2,0,0,0,0,0.33,9006
0,2,0,0,0,0,0.29,9009
0,2,0,0,0,1,0.71,9009
0,2,0,0,0,0,0.56,9017
0,2,1,0,1,0,1,9019
